Img,title,author,types,status,click_num,intro
https://bookcover.yuewen.com/qdbimg/349573/c_3675832204934203/90,天医凤九,凤炅,古代言情,已完结,530.55万,                        推荐我的新文《仙风药令》几句话简介：陌上人如玉，公子世无双~公子他体弱又腹黑~女主她肆意又张扬~完结文：《药门仙医》天医凤九出版实体书名为《至尊女医》天猫有售签名版她，现代隐门门主，集各家所长的变态鬼才，精医毒，擅暗杀，世人眼中的变态妖物，一次意外身亡，却重生在一个被毁容的少女身上。 一朝风云骤起，群雄争霸！且看她如何一袭红衣走天下，剑挑群雄震苍穹！名扬四海惊天地！                    
https://bookcover.yuewen.com/qdbimg/349573/c_8263527304935303/90,恰似寒光遇骄阳,囧囧有妖,现代言情,已完结,261.2万,                        一觉醒来，她看着镜子里的自己， 爆炸头血腥纹身脸化得像鬼，多看一秒都辣眼睛。重生前，她另有所爱，一心逃离，对他恨之入骨。上一世脑子被门夹了放着绝色老公不要，被渣男贱女所害，被最信任的闺密洗脑，落了个众叛亲离的下场。这一世，任各路牛鬼蛇神处心积虑巴不得她离婚让位，不好意思，本小姐智商上线了！                    
https://bookcover.yuewen.com/qdbimg/349573/c_4818982104534803/90,许你万丈光芒好,囧囧有妖,现代言情,已完结,229.07万,                        “你救了我，我让我爹地以身相许！”宁夕意外救了只小包子，结果被附赠了一只大包子。婚后，陆霆骁宠妻如命千依百顺，虐起狗来连亲儿子都不放过。“老板，公司真给夫人拿去玩？难道夫人要卖公司您也不管？”“卖你家公司了？”“大少爷，不好了！夫人说要把屋顶掀了！”“还不去帮夫人扶梯子。”“粑粑，谢谢你给小宝买的大熊！”“那是买给你妈妈的。”“老公，这个剧本我特别喜欢，我可以接吗？”陆霆骁神色淡定：“可以。”当天晚上，宁夕连滚带爬跑出去。陆霆骁！可以你大爷！！！曾用名《隐婚100分：惹火娇妻嫁一送一》，出版名《君子报恩》。                    
https://bookcover.yuewen.com/qdbimg/349573/c_9743170703944503/90,别闹，薄先生！,楠楠李,现代言情,已完结,415.75万,                        沈小姐忙着吃饭， 睡觉， 教渣渣如何做人！薄先生忙着追沈小姐，追沈小姐， 还是追沈小姐！“不都说薄执行长清心寡欲谦谦君子吗？”薄先生眯着眼睛靠在沙发上， 动作清闲又优雅，“乖，叫老公。 ”薄太太 扶额，看着那张脸——那种明明冷冰冰却又唯她不能缺的样子，简直就是逼人犯罪！                    
https://bookcover.yuewen.com/qdbimg/349573/c_4998878704813603/90,云家小九超皮哒,水清竹,玄幻言情,连载中,1130.69万,                        她是王牌特工，却穿越成邺城第一废柴奇葩女！本小姐是丑女？化茧成蝶，亮瞎你的钛金势利眼！本小姐是废柴？天雷在手！劈的你外焦里嫩香喷喷！一张利嘴走天下，誓要桃花遍地开！某尊左手拿刀，右手拿剑，砍落桃花一朵朵！某女挑眉一笑：“你砍我桃花，我虐你白莲，两只妖孽凑一双，绝配！”                    
https://bookcover.yuewen.com/qdbimg/349573/c_7816055704516703/90,神医凰后（《且听凤鸣》原著）,苏小暖,古代言情,已完结,442.75万,                        她，21世纪被家族遗弃的天才少女；他，傲娇腹黑帝国太子，一怒天下变的至高王者；她扮猪吃虎坑他、虐他、刺激他、每次坑完就跑。是个男人就忍不了！他只能猎捕她，宠溺她，诱惑她为他倾心，谁知先动心的人却变成了他。——君临天下的少年，凤舞江山的少女，一场棋逢对手，势均力敌的爱情追逐游戏。                    
https://bookcover.yuewen.com/qdbimg/349573/c_7478351103195303/90,至尊瞳术师,陌烟,古代言情,已完结,746.93万,                        24世纪的至尊瞳术师一朝穿越，成了下等小国镇国侯府被废的天才大小姐！修为被废，双眼俱瞎，家族地位被夺？洛清瞳微眯着一双血瞳冷笑：过来！姐教你们做人！一双血瞳，傲世无双！鉴宝透视，医毒破防，无所不能！魂武双修，器药双绝，御兽布阵……她用一生诠释了何谓至尊无双，绝世嚣张！只是万万没想到惹上了一个比她更绝世妖孽的人！（苏爽无虐，坑品保障，另有数百万字肥文《纨绔乐妃》）                    
https://bookcover.yuewen.com/qdbimg/349573/c_17536776207350304/90,夫人她马甲又轰动全城了,灵小哥,现代言情,连载中,201.2万,                        乔念在乔家生活了18年，亲生父母找上门来，一时之间，绕城豪门都知道乔家出了个假千金！真千金多才多艺，温柔善良。假千金不学无术，一事无成。所有人都想看她被赶出豪门后，回到山沟沟过得有多惨！乔念也以为自己亲生父母来自漯河县，是个一穷二白的穷老师。谁知道哥哥开的车是辉腾，裸车300万！亲爸教书的地方在清大，老师还有个别称是教授！渣渣们一家跪舔的顶级大佬对着她爷爷点头哈腰…乔念：？enmm…这和说好的不一样！脱离一群渣渣，乔念她做回了自己。高考状元，直播大佬，非遗文化继承人…马甲一个个掉，绕城热搜一个个上，渣男渣女渣父母脸都绿了。黑粉都在嘲：卖人设有什么用，还不是天天倒贴我哥哥。乔念：不好意思，我有对象了。顶流哥哥：@乔念，给大家介绍一下，这个是我妹妹。豪门爷爷：囡囡，那么努力干什么，要啥自行车，爷爷给你买！……京市权贵都在传妄爷有个藏在金屋里的老婆，不管别人怎么起哄，从来不肯带出来见人。别问，问就是那句：“我老婆是农村人，怕生。”直到某一天，有人看到一向矜贵高冷的妄爷掐着个女生的细腰，把人堵在墙角，眼角赤红的呢喃：“宝宝，什么时候给我个名分？”    【假千金她是真豪门】 +【双大佬】                    
https://bookcover.yuewen.com/qdbimg/349573/c_9199596003547803/90,魅医倾城,相思梓,玄幻言情,已完结,524.11万,                        【正文已完结】君慕颜前世活的辛苦，死的凄凉。重活一世，她身边多了个冷面萌宝。“小宝，那个想要契约圣兽的女人是娘的仇人诶。”于是，顶阶圣兽成了小宝的灵宠。“小宝，这个神乐师的传承好强大啊！”小手轻轻一推，传承结界打开，君慕颜成为神乐师唯一传人。“小宝，这男人老是缠着娘亲不放诶！”小宝一掌挥出，把人赶走……咦，赶不走？！你是我爹？爹是什么？能吃吗？                    
https://bookcover.yuewen.com/qdbimg/349573/c_8531646504192703/90,吾欲成凰,夜北,古代言情,已完结,282.96万,                        原名《重生最强女帝》前世，她灵根被挖，一心正道，却被判为邪魔妖道！重回少年之时，她力挽狂澜，逆天改命，前世欺她辱她之人，都将百倍奉还！自修血脉，重铸极品灵根！斩尽无赖族人，荣归第一望门！世间规矩不能束她分毫，这一世，她要杀出自己的正道！他是众人敬仰的神帝，高冷孤傲，却天天跟在她身后。                    
https://bookcover.yuewen.com/qdbimg/349573/c_7246259104753803/90,药妃在上,穆丹枫,古代言情,已完结,313.92万,                        帅哥，江湖救急！借你衣服穿穿！”某女剥光正修炼某邪王，然后逍遥跑路。　　某邪王清醒之后咬牙：搜！给我掘地三尺也要把她搜出来！　　　　他是这个大陆众生膜拜的圣尊，神秘，高贵，不可攀。。　　她现代杀手之王，对他的评价是：妖孽，变态，神棍。　　她避他如蛇蝎，他缠她如缠藤。　　她无情无爱，快意恩仇。他却将她放在心尖尖上，不容任何人轻辱，他说辱我者尚可原谅，辱她者杀无赦！                    
https://bookcover.yuewen.com/qdbimg/349573/c_3997023804771303/90,绝代神主,百里龙虾,玄幻,连载中,702.06万,                        苏家少主苏莫，觉醒出逆天武魂，却被认为是最低级的垃圾武魂，受尽屈辱……且看苏莫如何凭借着逆天武魂，一路崛起，一路逆袭……【读者群：703269794】                    
https://bookcover.yuewen.com/qdbimg/349573/c_6825685203853503/90,跟乔爷撒个娇,罗衣对雪,现代言情,连载中,808.83万,                        京城出了大新闻：乔爷守了十二年的小媳妇跑了，跑了！连儿子都不要了！一时间流言四起：听说是乔爷腹黑又高冷、婚后生活不和谐；听说是小媳妇和别人好上了；听说是儿子太丑。某天，小奶娃找到了叶佳期，委屈巴巴：“七七，爸爸说我是宠物店买的。”“宠物店怎么能买到这么漂亮的儿子。”叶佳期呵呵笑，“明明是……摸奖中的。”小奶娃望天：“……”二十岁前，他把她宠上天；二十岁后，他把她和小包子宠上天。从此，京城乔爷，眉间心上，唯独一人。                    
https://bookcover.yuewen.com/qdbimg/349573/c_22344671000280502/90,斗破苍穹,天蚕土豆,玄幻,已完结,533.29万,                        　　这里是属于斗气的世界，没有花俏艳丽的魔法，有的，仅仅是繁衍到巅峰的斗气！　　新书等级制度：斗者，斗师，大斗师，斗灵，斗王，斗皇，斗宗，斗尊，斗圣，斗帝。……吴磊、林允主演的同名电视剧9月3日起周一到周三每晚22：00登陆湖南卫视，腾讯视频全网独播。　　                    
https://bookcover.yuewen.com/qdbimg/349573/c_11297425304303403/90,这个大佬画风不对,墨泠,科幻空间,已完结,543.12万,                        初筝被莫名其妙判定死亡后，唯一的烦恼就是——花钱。自从绑定这个系统，她腰不酸，腿不疼，特么的连气都不喘了，每天生活在花钱的恐惧中。系统：我们定个小目标，先败它一个亿……小姐姐你住手！你不要随便开启无敌模式！(▼皿▼#)初筝：你先解释下这个抱着我大腿的玩意是什么？某玩意：宝宝你想怎么都可以。初筝：（摸刀）那、那我不客气了。系统：小姐姐请你放下屠刀！！(▼へ▼メ)#小姐姐，真的可以为所欲为，了解一下#                    
https://bookcover.yuewen.com/qdbimg/349573/c_14156142405054404/90,余生有你，甜又暖,囧囧有妖,现代言情,连载中,166.05万,"                        刚发现自己会被裴聿城的意识附身时，林烟是拒绝的。明明在酒吧蹦迪，一醒来，躺在了荒郊野岭。明明在家里打游戏，一醒来，站在了欧洲大街。明明在跟男神烛光晚餐，一醒来，站在了男洗手间。这日子没法过了！后来的林烟——“大佬求上身，帮我写个作业！”“大佬求上身,帮我考个试！”“大佬求上身，帮我追个男神！”“大佬,听说生孩子挺疼的，等日后我生孩子的时候，不如你……”裴聿城：“……”                    "
https://bookcover.yuewen.com/qdbimg/349573/c_9421282603696303/90,伏天氏,净无痕,玄幻,连载中,810.65万,                        东方神州，有人皇立道统，有圣贤宗门传道，有诸侯雄踞一方王国，诸强林立，神州动乱千万载，值此之时，一代天骄叶青帝及东凰大帝横空出世，东方神州一统！      然，叶青帝忽然暴毙，世间雕像尽皆被毁，于世间除名，沦为禁忌；从此神州唯东凰大帝独尊！      十五年后，东海青州城，一名为叶伏天的少年，开启了他的传奇之路…                    
https://bookcover.yuewen.com/qdbimg/349573/c_12272732603485803/90,好想住你隔壁,叶非夜,现代言情,已完结,125.98万,                        婚后——情人节，韩经年问：“今天怎么过？”夏晚安搂着被子，昏昏欲睡的答：“睡觉。”圣诞节，韩经年问：“今天怎么过？”夏晚安抱着枕头，漫不经心的答：“睡觉。”结婚纪念日，韩经年端着一杯水问：“今天怎么过？”夏晚安窝在床上，懒洋洋的睁开了眼睛，警惕的盯着韩经年随时会泼到床上的水思考了三秒，回：“和你……一起。”                    
https://bookcover.yuewen.com/qdbimg/349573/c_5500591004849403/90,国民校草是女生,战七少,现代言情,已完结,253.47万,                        表面上她是个废柴。实际上她是众神追捧的z。女扮男装，横霸游戏， 当人们知道“他”是女生时，全民沸腾了！薄九：“秦大神，有女朋友吗？”秦漠放下笔记本：“没有。”薄九低声开撩：“那么从现在开始你有了，就是我。”（重生爽宠文，女主薄九，男主秦漠。）                    
https://bookcover.yuewen.com/qdbimg/349573/c_5932291504683503/90,遥望行止,清风莫晚,现代言情,已完结,418.84万,                        【正文已完结】(超甜宠文)“外头谣传我们有关系！”他从卷中抬头，缓身站起：“你要我如何？”“说清这只是谣言……”他抵在墙上：“陆太太，我们得坐实这个谣言。”重生前，她一直在做的事，远离他，远离他！重生后，她一直想做的事，在一起，在一起！                    
https://bookcover.yuewen.com/qdbimg/349573/c_4850509704088803/90,卦妃天下,锦凰,古代言情,已完结,598万,                        本文已由悦读纪出版，出版名《盛世繁华为君倾》，当当淘宝都可购买。夜摇光，风水世家传人，一眼看贫贵，一卦晓祸福，一言论生死！就算穿越成为古代农户小媳妇，她一样可以财源广进，风生水起！等到谈婚论嫁时，夜摇光问：“钱是我赚的，你是我养大的，小人恶人是我打的，魑魅魍魉是我驱的，权贵豪富欠的情是我的，我要你干嘛？”某男端着一张长得越来越妖孽的脸凑上前：“夫人负责赚钱养家，扫清天下，为了不失宠，为夫自然要保证永远貌美如花。”于是，某女就这么嫁了！权倾天下，不如有你；世间永恒，唯神仙眷侣。                    
https://bookcover.yuewen.com/qdbimg/349573/c_9668114804208603/90,电竞大神暗恋我,战七少,现代言情,连载中,214.43万,"                        三年前，帝盟解体，游戏天才莫北，低调隐退。三年后，她女扮男装，埋名回归，从被人唾弃到重登神坛，引来了全民沸腾！他俊美禁欲，粉丝无数,电竞圈无人不识。入队一开始他对她说：“安分点，不要有非分之想。”后来她身份暴露，他从桌前抬眸，缓身站起：“游戏里结完婚就想始乱终弃？嗯？”                    "
https://bookcover.yuewen.com/qdbimg/349573/c_6159709703787403/90,四爷的心尖宠妃,雪中回眸,古代言情,已完结,307.93万,                        　‘悲惨’的事实告诉我们，穿越是个技术活。而显然叶枣技术一般。被自家便宜舅舅骗进人家府里做小妾也就算了，为毛是四爷府上？　　还是个侍妾，这怎么混？起点太低，出身太差，筹码太少！大BOSS血太厚，小BOSS个个要命！左思右想，装贤惠会死，因为前有乌拉那拉氏。装泼辣会死，因为后有李侧福晋。生儿子不能养，不生儿子没依靠，这日子怎么过都是个愁！好不容易从府里混进宫里，上头还有一位太后娘娘嫌弃她长得不庄重！　　还好四爷不嫌弃，并且暗戳戳的就是喜欢她长得不庄重！叶枣的目标是好好过日子，锦衣玉食高高在上。                    
https://bookcover.yuewen.com/qdbimg/349573/c_3807279503379403/90,隐婚蜜爱：偏执老公宠上瘾,猪宝宝萌萌哒,现代言情,已完结,551.88万,                        七年前他们分手后，他就忽然消失不见了七年后她婚礼前夕他又突然出现，不顾她已经有未婚夫，用尽手段逼她结婚……于是一本结婚证，灰姑娘被破走上嫁豪门不归之路……霍小姐淡定毒舌加变态高智商秦先生宠妻无度加女儿奴极品宠文一对一，身心干净，欢迎跳坑！                    
https://bookcover.yuewen.com/qdbimg/349573/c_5783093804970003/90,绝世炼丹师：纨绔九小姐,夜北,古代言情,已完结,131.77万,                        她是二十四世纪最强修仙者，却穿越到了一个魔法与妖族横行的世界，成了上有家族欺压迫害，下有渣男未婚夫凌辱践踏的受气包…想虐她？呵呵！她很快就会教他们做人！魔法了不起？五雷轰顶符，送你成渣！药剂很牛掰？一炉丹药，废柴也能变天才！百万雄师很凶残？撒豆成兵，你们慢慢玩！笑看作死者自作孽不可活，顺我者昌 逆我者亡！只是…这个貌美如花的国师大大为啥总是对她“暗送秋波”？某国师：“自己做的事，这会儿就不认账了？”                    
https://bookcover.yuewen.com/qdbimg/349573/c_15316338504324404/90,觉醒后我征服了全世界,孤木双,现代言情,已完结,115.25万,                        第一次见面，她对他说：宋先生，你恐命不久矣他身边人说她是骗子，还威胁要揍她。第二次见面，她对他说：宋先生，你明天就要死了她差点被揍。第三次见面，他在死亡边缘徘徊。***乔今，芳龄二十，性格乖糯，自杀后性格大变，神神叨叨又爱装逼。人称——神经病宋砚青，芳龄二十五，出生尊贵，一生不凡，命格极弱，身体也弱，走两步咳一步，在乔今的眼里，是个短命相。这是一个神经病遇上短命鬼的惊天爱情故事（虚假）装逼不翻车大佬X腹黑如玉羸弱贵公子大佬                    
https://bookcover.yuewen.com/qdbimg/349573/c_3143506701855002/90,君九龄,希行,古代言情,已完结,194.72万,                        太康三年冬，阳城北留镇宁家来了一个上门认亲的女孩子；被拒婚之后，女孩子决定在宁氏家门前以死明志；当死了的女孩子再次睁开眼；很多人的命运就此翻天覆地。                    
https://bookcover.yuewen.com/qdbimg/349573/c_9248667104061903/90,时光和你都很美,叶非夜,现代言情,已完结,117.69万,                        婚后的林嘉歌，没多久就被时瑶逐出家门了，他为了回家，用尽所有的方法都没能成功，最后将目光放在了小包子的身上。小包子听完林嘉歌的提议，和他勾了勾手指，软萌萌的回：“合作愉快！”于是——小包子收到机器人的当晚，把时瑶骗到餐厅，偷偷对林嘉歌说：“爹地，妈咪陪你吃饭。”小包子收到奥特曼的当晚，把时瑶骗到游泳馆，偷偷对林嘉歌说：“爹地，妈咪陪你游泳。”                    
https://bookcover.yuewen.com/qdbimg/349573/c_12135613204254303/90,都市极品医神,风会笑,都市,连载中,1413.11万,                        【火爆爽文】五年前，废物叶辰犹如地上蠕虫般被人耻笑！但是五年后，他带着一百位上古大能回来了！吊打一切，谁与争锋！                    
https://bookcover.yuewen.com/qdbimg/349573/c_22246296000281002/90,完美世界,辰东,玄幻,已完结,658.74万,                        　　一粒尘可填海，一根草斩尽日月星辰，弹指间天翻地覆。　　群雄并起，万族林立，诸圣争霸，乱天动地。问苍茫大地，谁主沉浮？！　　一个少年从大荒中走出，一切从这里开始……　　                    
https://bookcover.yuewen.com/qdbimg/349573/c_10268371804937803/90,哥哥们都是天才唯我废柴,白天,古代言情,已完结,665.45万,                        　　作为世人眼中柔柔弱弱的她，她其实觉得挺冤枉的。明明她很强，还强的逆天好么。　　世人皆知，丞相府的废柴五小姐有四个把她宠上天的强大哥哥，忽然有天哥哥们都失踪了。早就对她羡慕嫉妒恨的一干人等觉得落井下石的机会来了，个个争先恐后的出手，结果被虐的鬼哭狼嚎。五小姐柔弱的笑了笑，哎呀，大腿没了，我自己当大腿就行了啊。这时候世人才知，娇滴滴的小白花，切开都是黑的，根本就是食人花啊，惹不起惹不起。　　五小姐拳打南山猛虎，脚踢北海蛟龙，强到爆炸。这年头碰瓷的见多了，但是碰瓷救命之恩的还真是第一次。俊美男子碰瓷救命之恩一定要以身相许给五小姐，五小姐表示，我可以不接受吗？俊美男子摇头，当然不可以！                    
https://bookcover.yuewen.com/qdbimg/349573/c_7001667504451303/90,亿万星辰不及你,叶非夜,现代言情,已完结,109.24万,                        “一年后，我们离婚，互不干扰。”季忆之所以答应贺季晨假结婚，是因为她坚信完美情人贺季晨绝对不会爱上她。婚后假戏真做不说，一年后，别说是离婚，就连离家都没门。惹不起，我跑还不行？季忆爬窗离家出走。就在她沾沾自喜的以为自己终于逃出魔爪的第二天，她走到哪里，都有人弯腰对着她说：贺太太，贺先生在那里等你。-原书名《大神引入怀》                    
https://bookcover.yuewen.com/qdbimg/349573/c_22358948000245102/90,校花的贴身高手,鱼人二代,都市,连载中,1967.74万,                        传奇杀手回归都市，奉旨保护校花！我是校花的贴身高手，你们最好离我远一点，不然大小姐又要吃醋了！【鱼宝宝书友1群 333702438（已满），鱼宝宝书友2群 417723151】                    
https://bookcover.yuewen.com/qdbimg/349573/c_4145795604976503/90,神医九小姐,银瓶,玄幻言情,已完结,294.69万,                        “夫人，为夫病了，相思病，病入膏肓，药石无医，求治！”“来人，你们帝尊犯病了，上银针！”“银针无用，唯有夫人可治，为夫躺好了。” “……”她是辣手神医，一朝穿越成超级废材，咬牙发下宏愿：“命里千缺万缺，唯独不能缺男色！”他是腹黑魔帝，面上淡然一笑置之，背地里心狠手辣，掐灭她桃花一朵又一朵。                    
https://bookcover.yuewen.com/qdbimg/349573/c_16302050205238404/90,越界招惹,傅九,现代言情,已完结,112.44万,                        新书《与狼共眠》已火热刺激上线！［最野的玫瑰，躁动无人区］初见，温弦一眼就看中了陆大队长。垂、涎、欲、滴。一场爆炸，身为特种兵队长的他左耳失聪退役。陆枭叼着烟，冷漠道：“你是风光大明星，我是这鸟不拉屎无人区的队长，穷得很，你看中我什么？”温弦：“我喜欢看你是怎么亲吻我的。”陆枭一哽。燥了脸，无情走人：“不知羞耻，想都别想！”隔天。他：“心血来潮？”温弦：“处心积虑。 ”［无人区大队长vs绝美大明星，二者皆大佬，全文高甜］此书已全国出版上市，当当淘宝等皆有售卖、漫画还没上市。                    
https://bookcover.yuewen.com/qdbimg/349573/c_14573342904781604/90,娘娘她总是不上进,雪中回眸,古代言情,已完结,154.55万,                        　　世人都说静安候府嫡四女真是好福气，进宫受宠，有子嗣有家世，那可真是风光无限啊！事实上，沈初柳自个儿都不清楚怎么走到这一步的。最初是这样的，旁的妃子弹琴跳舞，沈初柳表示老娘又不是卖艺的。旁的妃子写诗画画，沈初柳表示老娘又不去考状元。人家嘲笑她不得宠，她微微一笑，老娘有家世啊。皇帝那是真没办法，嫔妃不来讨好，他还不能不见！谁叫人家娘家真给力呢？ 沈初柳那是真不在乎，那一家混账亲戚爱咋咋地，进宫就开始放飞自我。一时放飞一时爽，一直放飞就一直爽。做人嘛，做要紧是自在，要是太憋屈了，就算是皇帝老儿也不好使！                    
https://bookcover.yuewen.com/qdbimg/349573/c_7332403103193403/90,医后倾天,萧七爷,玄幻言情,已完结,264.08万,                        （原名《爆萌狐宝:神医娘亲要逆天》）她是华夏古武世家传人，刚穿越就身中暗算，随意强惹了个男人，却不料珠胎暗结。怀胎十月生下的是只小狐狸？这小狐狸还扯着她的衣服喊娘亲？好在小狐宝乖巧软萌，贴心护母，在这龙蛇混杂的大陆，母子联手大杀四方，让那些狗眼看人低的极品亲戚悔之不失。可某日，狐宝他爹找上门来，不但要抢她的孩子，连她也打算一起抢了？哪有这么好的事情？要当狐宝他爹，问过狐宝他意见了没有？某狐宝双手叉腰：“想当我爹，先交银子再去后面排队，娘亲，我觉得隔壁王叔叔挺有钱的，你给王叔叔当媳妇吧。”                    
https://bookcover.yuewen.com/qdbimg/349573/c_15581535205111404/90,大佬的心肝穿回来了,公子如雪,现代言情,已完结,135.83万,                        “四哥，我有点冷，求抱抱！”“四哥，我一个人看恐怖片害怕，你能不能陪我？！”……首富帝四爷惊讶地发现，自家作天作地的小作精，突然变成磨人小妖精。对此，帝四爷表示很欣慰：宠了十年的小心肝，可算是等到这一天了！与此同时，网友们惊讶地发现，那个黑料缠身的十八线小明星，画风突变。唱歌不跑调了，演戏不面瘫了，不作不闹不撒娇，弹琴跳舞……十八项全能。不仅如此，金牌词人是她，百变声优是她……捧红自家爱豆的制作人也是她！全网网友震惊：这不科学，你是不是穿越来的？君轻撇撇小嘴：明明我是被穿越的那个！                    
https://bookcover.yuewen.com/qdbimg/349573/c_17888002906444104/90,神医娇妻飒爆了,原来,现代言情,连载中,136.31万,                        【全宠无虐+团宠+马甲】父亲：“仟仟，虽然他是个瘫痪，可只要你嫁给他，咱们家的公司就不用破产了！”母亲：“而且你妹妹的心脏病也能得到最好的医治。”未婚夫：“这样你不但可以从他那里帮我争取到资源，还能保持身心干净！”大家都觉得景仟实惨：年纪轻轻就断送在了一个瘫痪手里。不但要在幕后帮妹妹写歌，给她打造音乐小天才人设，还要给未婚夫争取影视资源，最后却被未婚夫和渣妹双双背叛，头顶绿到发光。*哦豁！景仟穿越后睁开眼睛，就发现自己变成了一个小可怜。作为一名令人闻风丧胆的反派大佬，再世为人，当明星、做神医、开公司、调红酒、搞药妆……人生被她玩到飞起，亮瞎了那一双双曾看不起她的钛合金狗眼。可是……送走了绿茶未婚夫怎么又来了个白莲花老公，整天碰瓷她装病娇？“你瘫痪我都给你治好了，冲喜都成功了，你还要怎么样？撒手，我要离婚！”“老婆，我这里还有些不舒服。”看了一眼连装病都不走心，无论走到哪儿都跟个大型挂件一样挂她身上的男人，景仟暴躁了：“战黎川，你高冷男神的形象到底还要不要了？”                    
https://bookcover.yuewen.com/qdbimg/349573/c_13184277605283804/90,贵女重生：侯府下堂妻,夏染雪,古代言情,已完结,494.5万,                        那一世，父亲为她战死杀场，万箭穿死，大姐为她护清白，赔尽一世而她为他素手调香，为他敛尽天下财富。更为他逼死大哥，令大哥被五马分尸，死无全尸他却砍断她的十指，断她手腕，将她乱棍打死。娘说，娘的小阿凝，娘希望这一世会有被人如宝似珠的对你，为你挡去所有的疼痛，为你遮去所有的风雨，娘更你一生都是不知道何为疼痛，可是她却全身骨头碎裂，皮肉之下，仍可见那截断碗中的森森白骨。                    
https://bookcover.yuewen.com/qdbimg/349573/c_13129774004140803/90,药门仙医,凤炅,古代言情,已完结,183.14万,                        推荐我的新文《仙风药令》几句话简介：陌上人如玉，公子世无双~公子他体弱又腹黑~女主她肆意又张扬~我的完结文《天医凤九》她，出自百年隐世家族，贵为堂堂药门至尊。她，生于百年世家贵族，贵为世家传承少主。一个身死，一个魂灭，一朝易魂重生，天下风云将起！他与她，青梅竹马之情，曾许诺，玉兰花树长成之日，便是迎娶之时。他与她，初相识，便结下佛缘，一个狡黠如狐的小光头，让他印象深刻，可后来，谁来告诉他，为什么小光头会变成一个长发飘飘倾城绝美的女人？                    
https://bookcover.yuewen.com/qdbimg/349573/c_4591120804370303/90,快穿女配之反派BOSS有毒,墨泠,科幻空间,已完结,405.96万,                        【已出版，当当、淘宝火热预售中……】系统：宿主，天上那东西是什么？时笙：宇宙飞船。系统：……这是修真位面，哪里来的宇宙飞船！！系统：宿主，你手上拿的什么？时笙：轩辕剑。系统：这是科技位面，哪里来的上古神器！！等等……宿主，你在干什么Σ( ° △ °|||)︴时笙：拆CPヾ(^▽^*)))#我的宿主叼炸天，徒手拆CP#                    
https://bookcover.yuewen.com/qdbimg/349573/c_16792364604322104/90,嫡长女她又美又飒,千桦尽落,古代言情,连载中,250.33万,                        前世，镇国公府，一朝倾塌灰飞烟灭。此生，嫡长女白卿言重生一世，绝不让白家再步前世后尘。白家男儿已死，大都城再无白家立锥之地？大魏国富商萧容衍道：百年将门镇国公府白家，从不出废物，女儿家也不例外。后来……白家大姑娘，是一代战神，成就不败神话。白家二姑娘，是朝堂新贵忠勇侯府手段了得的当家主母。白家三姑娘，是天下第二富商，翻手为云覆手为雨的商界翘楚。·白卿言感念萧容衍上辈子曾帮她数次，暗中送了几次消息。雪夜，被堵城外。萧容衍：白姑娘三番四次救萧某于水火，是否心悦萧某？白卿言：萧公子误会。萧容衍：萧某三番四次救白姑娘于水火，白姑娘可否心悦萧某？白卿言：……                    
https://bookcover.yuewen.com/qdbimg/349573/c_7306207503199903/90,凤帝九倾,一季流殇,玄幻言情,已完结,294.65万,                        【完结精品】因一场梦境而来，因一张皇榜结缘。　　九皇子要成亲，娶的是一个名不见经传的女大夫，瞬间引起众怒，皇城哗然。　　公主，郡主，官家小姐，齐齐反对。　　皇上，太后，皇后……警告威胁，明枪暗箭齐上阵，只为阻止这桩婚事。　　风华绝代九殿下冷笑，“娶她，我活；不娶她，我死。”　　九个字，所有反对的声音一夜消失。　　药房中侍弄金蛇的女子云淡风轻般轻笑，带着一种俯瞰世间蝼蚁的漠然无情，“娶我？问过我的意见了？”　　“如果我现在问你呢？”深情的双眼锁在她面上，一把匕首抵在自己心口，“是你从地狱里救我出来，我以身相许。你若不愿，我将性命还你，再入阿鼻地狱。”　　“这天下，还无一人有资格娶我，更从未有人敢威胁我。”　　“那我嫁你，行吗？”                    
https://bookcover.yuewen.com/qdbimg/349573/c_12223314803756103/90,你好，King先生,锦凰,现代言情,已完结,252.99万,                        云想想上辈子是个风风光光的大明星。这辈子她想要做个兢兢业业的好演员。爱惜羽毛，宁缺毋滥，不靠粉丝数量说话，作品才是底气。脚踏实地的靠自己一步步迈向王座，却一个不小心与那位世界级大佬产生纠葛。从此以后大佬会悄悄在微博上关注她，会以送她高科技保护物品为由，制作一个只有无名指能够戴上的戒指套路她，会美其名曰他们家族以让恩人涉险为耻辱而监视她！直到她被他箍在怀里：“你现在太危险，只有做我的太太才能安全。”云想想：……                    
https://bookcover.yuewen.com/qdbimg/349573/c_3909250503560803/90,医毒双绝：冥王的天才宠妃,相思梓,玄幻言情,已完结,374.73万,                        全文完结，新文【魅医】已开，欢迎收藏养肥！拍卖盛宴上，拥有绝佳体质的少女被开出天价，人人哄抢。陡然间，金色牢笼中的少女睁开眼，寒芒四射，懦弱不再。她一朝穿越为神医府人人欺凌的废柴三小姐。经脉俱废，不能修炼？怕什么，她是绝世神医，这点伤根本不放在眼里。爹不疼，娘不爱，人人算计？哼，她有空间在手，灵宠无敌，小小纳兰府翻手可灭！容颜丑陋，没人要？眨眼恢复倾世容颜且看她一路破除万难，走上巅峰读者群：190149989                    
https://bookcover.yuewen.com/qdbimg/349573/c_5216120804880303/90,天选神妃,花萌种子,古代言情,已完结,527.94万,                        【全文已完结】“张达，给老娘派一百辆坦克，老娘要轰了那群渣渣…”云蓝一身古装将军长袍，手中拿着手机，看着对面杀过来的汹涌大兵们，极具违和感的给远在地球的张达打了个超级长途漫游电话。“好的，老大，对了新型KIG装备武器到了，要一起送过来吗？”电话那头，张达兴奋的声音传来………………好吧！自从穿越到古代这个古怪陆离的世界，她这个开启异能的大将军就开始忙的不可开交了……千里眼，读心术，飞天遁地…还要赚路费回现代！这些都不说，还有一个死妖孽君王跟着她：“爱卿，你手中拿着这个黑乎乎的家伙是什么？”  ……“科学武器，懂吗？再问就打死你！”                    
https://bookcover.yuewen.com/qdbimg/349573/c_9965550704406903/90,遇见，傅先生,无尽相思,现代言情,已完结,315.53万,                        （出版名：《繁星告白时》）父母偏心，闺蜜陷害，走投无路之下，叶繁星嫁给了坐在轮椅上的傅先生。他会教她弹钢琴，送她花，将她宠成了这个世界上最幸福的人。某天，同学聚会，她被人嘲笑，说她老公是个残废，他风度翩翩出现，让所有笑话她的人哑口无言。在人生最灰暗的时光里，有他牵引着她积极向阳而生，从而有了灿烂的人生。遇见你真好，我的傅先生。                    
https://bookcover.yuewen.com/qdbimg/349573/c_17755279506421504/90,致命偏宠,漫西,现代言情,连载中,232.37万,                        【正文完，番外中——】黎家团宠的小千金黎俏，被退婚了。黎家人揭竿而起，全城讨伐，誓要对方好看。*后来，黎俏偶遇退婚男的大哥。有人说：他是南洋最神秘的男人，姓商，名郁，字少衍；也有人说：他傲睨万物，且偏执成性，是南洋地下霸主，不可招惹。绵绵细雨中，黎俏望着杀伐野性的男人，浅浅一笑：“你好，我是黎俏。”做不成夫妻，那就做你长嫂。*几个月后，街头相遇，退婚男对黎俏冷嘲热讽：“你跟踪我？对我还没死心？”身后一道凌厉的口吻夹着冽风传来，“对你大嫂客气点！”自此，南洋这座城，风风雨雨中只剩最后一则传言——偏执成性的南洋霸主，有一个心尖小祖宗，她姓黎，名俏，字祖宗！                    
https://bookcover.yuewen.com/qdbimg/349573/c_18415231001177104/90,我花开后百花杀,锦凰,古代言情,连载中,131.83万,                        “天家儿郎，凭我挑选，便是当着陛下的面，此话我亦敢言。”她高贵、冷艳、睥睨众生，世间无一人一事能令她动容。直到她遇见了那一杯顶级雨前龙井。他为贪腐尚书屈膝求情：“罪不祸及妻儿。”百官感念：太子仁善。只有她知，罪是他揭露，尚书之位是他的人接手。他为疑似谋逆亲王奔走：“二哥孝悌，孤不信他大逆不道。”宗亲盛赞：太子重情。只有她知，谋逆是他策划，奔走是善后，让铁证如山，让旁人背锅。他为病倒陛下亲尝汤药，侍孝榻前：“父皇一日不愈，我便一日不食。”百姓动容：太子孝义。只有她知，毒是他所下，亲尝汤药，是让陛下没那么早醒来……他对她温和又无害：“喀喀喀……羲和，我虽体弱，凡你所需，我都能悉数捧于你。”“……”体弱？他定然不知她亲眼目睹他一剑取三人首级，“别装了，太子殿下。”他收敛病弱之态，眸光幽深灼灼逼人：“无妨你有多少选择，最终只能是我。”本文又名《东宫夫妇拿反剧本》，《太子殿下日常茶里茶气》                    
https://bookcover.yuewen.com/qdbimg/349573/c_15897273104317204/90,贵妃每天只想当咸鱼,大果粒,古代言情,已完结,218.18万,                        萧兮兮穿越回古代，成了太子的小老婆之一。本应该是宫斗的开始，可她只想当咸鱼。争宠？不存在的！咸鱼才是生存之道，混吃等死才是人生真谛！可偏偏，高冷太子就爱她这一款。……萧父：闺女，你要争气啊，咱家可就指望你攀龙附凤了！萧兮兮：不，我只是一条咸鱼宫女：小主，您要争气啊，一定要打败那些绿茶婊成为太子妃！萧兮兮：不，我只是一条咸鱼太子：爱妃，你要争气啊，孤就指望你传宗接代了！萧兮兮：不，我只是一条咸鱼太子：无妨，咸鱼我也可以。……（1V1宠文，双洁，超甜！）                    
https://bookcover.yuewen.com/qdbimg/349573/c_8842186004623703/90,盛世为凰,冷青衫,古代言情,连载中,624.45万,                        他弑血天下，唯独对她温柔内敛，宠她一世情深！                    
https://bookcover.yuewen.com/qdbimg/349573/c_19118326001343604/90,退婚后大佬她又美又飒,公子衍,现代言情,连载中,127.84万,                        貌丑无颜的死胖子苏南卿被退婚了，一时成为全城笑柄。前未婚夫：“看到你这馒头脸、大象腿，我就恶心！以后别再来纠缠我！”“傻叉。”苏南卿转身，勾唇低嘲。后来，苏南卿瘦身成功，逆袭后容颜惊人，前未婚夫手捧鲜花来到她面前：“卿卿，以前是我错了，只要你愿意回来，让我做什么都可以。”苏南卿手托下巴，笑：“好马不吃回头草，懂？”前未婚夫恼羞成怒：“苏南卿，你一个被退婚的草包，还带着拖油瓶，除了我，根本没人要你的！”可接着——歌坛小天王发了微博：“苏南卿，你就是我的女神！”国际知名外科医生：“卿卿，今晚可以约一下吗？”就连那人见人怕、只手遮天的大佬也跳了出来：“我的老婆和孩子，就不劳你们照顾了。”                    
https://bookcover.yuewen.com/qdbimg/349573/c_3321779600420503/90,神秘老公，晚上见！,碧玉萧,现代言情,已完结,269.79万,                        早起，她淡淡开口：“不用担心，我已经做过措施了，不会留下后顾之忧。”“吃过药，就不要浪费药效了，”他嘴唇微勾，“不用担心会惹出麻烦。是吧？我-亲-爱-的-老-婆。”结婚三年，顾青青的目标有三：和冷斯城离婚，和冷斯城离婚，和冷斯城离婚。冷斯城的目标有三：和顾青青生孩子，和顾青青生孩子，和顾青青生很多很多很多的孩子。直到有一天……                    
https://bookcover.yuewen.com/qdbimg/349573/c_17674207406434304/90,分手后我在娱乐圈爆红了,蓝白格子,现代言情,已完结,152.81万,                        　洛柠是一本娱乐圈团宠文里的炮灰女配，重来一次，这炮灰她不当了！　　黑粉叫嚣：“洛柠就是个花瓶，唱歌跳舞演戏干啥啥不行，天天捆绑顶流蹭热度第一名，除了颜值一无是处。”　　后来当唱歌跳舞俱佳，会琴棋书画、野外求生、烹饪美食，还会画符看相，长得美智商高，演技更是爆表的洛柠出现在大众面前时。　　黑粉真香：“姐姐，我可以！！！”　　突然有一天热搜爆了。　　神秘影帝陆洵亲吻洛柠侧脸的照片被放了出来，绯闻迅速占领各大头条。　　粉丝和路人都不相信，“怎么可能？照片肯定是借位拍的，洛柠又想捆绑影帝炒作，蹭热度蹭流量，没下限不要脸！”　　还没等洛柠回应，历来很少发微博的陆洵先澄清了。　　@陆洵V：照片没借位，不要脸的那个人是我！　　接着大家每天都能看到影帝天天换着花样在微博秀恩爱，不是秀洛柠做的美食，就是秀洛柠的美照。　　粉丝和大众都要裂开了，没想到你竟然是这样的影帝……                    
https://bookcover.yuewen.com/qdbimg/349573/c_14168781603971904/90,我的房分你一半,叶非夜,现代言情,已完结,68.28万,                        离家出走的陈恩赐，第一次见到秦孑，把他错认为了房东：“租你的房和床！”住进秦孑家的陈恩赐，半夜肚子饿了，敲响了秦孑的房门：“租锅碗瓢盆！”一个月后，陈恩赐看到秦孑领回家一个漂亮的女生，在门口转了半天，然后就咚咚咚的拍向了秦孑的房门：“租洗手间洗面奶沐浴乳！”半年后，陈恩赐喝醉了酒，借着微醺的酒劲，晃晃悠悠的扑进了秦孑的怀里：“租……你！”...我们都活成了我们当初梦想中的样子。我们都还没忘记彼此。本书又名《银河之上的你》                    
https://bookcover.yuewen.com/qdbimg/349573/c_15461321905681604/90,重生后我成了权臣的掌中娇,风吹小白菜,古代言情,连载中,243.14万,                        南宝衣自幼锦衣玉食娇养长大，没想到所嫁非人，落了个家破人亡的凄惨下场。　　重活一世，她咬着小手帕，暗搓搓盯上了府里那位卑贱落魄的养子。       只有她知道，看似落魄的少年，终将前程锦绣，权倾天下。       她一改娇蛮跋扈，对未来的权臣温顺谦卑百般奉承，可惜他如高岭之花，始终对她爱答不理。　　她终于心灰意冷打算另抱大腿，那凶名赫赫的权臣，突然雷厉风行地废了她选中的夫君，还倚在绣榻上，慵懒地朝她伸出腿，“娇娇过来，二哥给你抱……”　　【1v1，双洁，甜宠】                    
https://bookcover.yuewen.com/qdbimg/349573/c_16413310204823304/90,大奉打更人,卖报小郎君,仙侠,已完结,380.02万,                        《大奉打更人》1-12册实体书已在天猫、京东、当当全平台发售。这个世界，有儒；有道；有佛；有妖；有术士。警校毕业的许七安幽幽醒来，发现自己身处牢狱之中，三日后流放边陲.....他起初的目的只是自保，顺便在这个没有人权的社会里当个富家翁悠闲度日。......多年后，许七安回首前尘，身后是早已逝去的敌人，以及累累白骨。滚滚长江东逝水，浪花淘尽英雄，是非成败转头空。青山依旧在，几度夕阳红。                    
https://bookcover.yuewen.com/qdbimg/349573/c_9138002804607103/90,凤门嫡女,意千重,古代言情,已完结,331.83万,                        正文已完结。她，天命之女，身份尊贵，却被小人所害。一朝重生，强势归来，光芒四射！一滴异能之血，生死人，肉白骨，搅动天下风云！一手如意茶入人梦境，专治平生憾事，千金难求！只是这异能之血竟招来一个美貌神官，步步紧逼，穷追不舍。“娘子，天命不可违！”“天命说啥？”“它说，我命里缺你！”书友交流群：100915606、472274518，敲门砖，书中任一主角名                    
https://bookcover.yuewen.com/qdbimg/349573/c_11376293003560303/90,家有悍妻怎么破,六月浩雪,古代言情,已完结,686.61万,                        前世，她因软弱可欺不得善终。重回归来，她步步为营摆脱极品家人，顺道再报个恩。“喂，你别误会，我只是报你上辈子的救命之恩。”“救命之恩，当以身相报。”                    
https://bookcover.yuewen.com/qdbimg/349573/c_2843437700116202/90,万道剑尊,打死都要钱,玄幻,连载中,1171.4万,                        少年遭挚爱背叛，沦为万人唾弃的叛徒，一怒开启金手指，三天升了十八级，决战之日，挚爱懵了！                    
https://bookcover.yuewen.com/qdbimg/349573/c_9551851103304103/90,慕先生的心尖娇宠,艾维斯迪恩,现代言情,已完结,473.58万,                        他是权势滔天，俊美矜贵的大人物，清冷孤傲。某日，保镖来报：“少爷，少夫人被冤枉介入别人感情！”“把对方潜规则的视频曝光。”“少爷，少夫人离家出走了！”“马上收拾行李，我跟她一起走。”“少爷，少夫人去参加相亲联谊了！”男人怒不可遏，一把捏住她脸蛋“还敢去相亲么？”【婚后】乔安一手托腮，望着身穿围裙的俊美男人，语调慵懒：“老公～还有什么是你不会做的事？”男人修长的手指，将剥好的虾喂到她唇边，“有，不会离开你。”【小包子】被粑粑家法伺候，小包子泪眼汪汪：“麻麻，我还是你的小宝贝吗？那种犯了错你都舍不得骂我，还心软给我抱抱的那种？”（暖宠）                    
https://bookcover.yuewen.com/qdbimg/349573/c_10054161403430003/90,都市灵剑仙,巫九,灵异,连载中,444.44万,                        御剑乘风来，除魔天地间。这是一个属于剑仙的故事。且看林凡驾驭飞剑，震慑三界！                    
https://bookcover.yuewen.com/qdbimg/349573/c_4574192004116003/90,绯闻萌妻：腹黑老公，头条见,浮屠妖,现代言情,已完结,300.4万,                        【本书已出版，出版名《世界很大，我只爱你》】四年，他从一无所有变身神秘财阀的继承人，荣耀归来。四年，她从豪门千金沦落成娱乐圈的小编剧，面临牢狱之灾。　　“夏长悦，你当年要是爱我比爱钱多一点，现在就不用跪着求我！”男人冷冷的讥讽。　　夏长悦狡黠一笑，抓出一个小包子塞他怀里，“总裁，要买我妈咪咩？扮得了少女，演得了女王，玩得了小清新，咽得下重口味，专业生产小天才，一千万美金带回家！”　　严承池错愕的盯着眼前跟他如出一辙的小脸，咬牙：“成交，再加一千万，连你一起买了！”　　下一秒，小公主从门后探出小脑袋，“爹地，这里还要一千万。”                    
https://bookcover.yuewen.com/qdbimg/349573/c_8202886004526703/90,我家太子妃超凶的,梓云溪,玄幻言情,已完结,600.34万,                        （新书：王妃她又给人算卦了）天才符箓师，重生为小女娃！稚嫩的外表，狠辣的手段。荒郊野外，她痛殴仇敌被太子撞见，她表情漠然，太子却一见倾心！ “太子殿下不好了，太子妃大人一张定身符，把皇帝陛下定在大殿里吃土了。”“这不很正常么？谁让狗皇帝招惹我妻？定的好！再给他泼盆冰水降降火！”“太子殿下这回真哒不好啦！太子妃大大甩了三张爆火符，把郑贵妃娘娘连人带屋炸上天了！”某太子狂笑：“做的好！不愧是我妻，就是辣么给力！”“太子太子，这回是当真不得了了！太子妃大大屋里出现了个艳男！”您又绿啦！太子猛地提起半躺在绣床上的俊俏男人，“你是何人？”某妃瘫着张小脸道：“我画了张请神符，请了位桃花仙尊。”“打完架赶紧滚！”“对不起哈，请神容易送神难！”老子不走了！                    
https://bookcover.yuewen.com/qdbimg/349573/c_8991472004585503/90,你是我的难得情深,江流云,现代言情,连载中,785.72万,                        【正文已完结】一时不防被算计，嫁给坐在轮椅上的顾大少，本以为白天有钱，晚上有闲，哪知道天天被奴役到腰酸背痛腿发软。　　叶北北拍桌:“骗子，我要离婚!”　　顾大少将萌宝推到身前:“孩子都有了还想离婚?老婆大人你醒醒！”　　叶北北看着和她一模一样的萌宝一脸懵圈。　　谁能告诉她，孩子哪来的?！　　                    
https://bookcover.yuewen.com/qdbimg/349573/c_15953225505698104/90,十万个氪金的理由,墨泠,科幻空间,连载中,268.58万,                        灵琼为了赚点外快，入了游戏体验师的坑，累死累活没几个钱，打算干完最后一票就脱坑。结果坑没退成，反而入了更大的坑……灵琼：想当年我也每天在几百平的大床上醒来，我的100个执事正等着给我穿衣……系统：醒醒！你一平米都没有。灵琼：呵！凡人就是嫉妒我的美貌，没办法，谁让我这么有钱。系统：醒醒！看看你的余额！！你穷得馒头都吃不上。灵琼：曾经我也打遍天下无敌手，领略世间无敌的寂寞……系统：醒醒！你先从地上起来！灵琼：我人见人爱，花见花开……系统：醒醒！！你的美男要挂了！灵琼：扶我起来，我还能肝！                    
https://bookcover.yuewen.com/qdbimg/349573/c_5776840004868003/90,圣墟,辰东,玄幻,已完结,613.22万,                        在破败中崛起，在寂灭中复苏。沧海成尘，雷电枯竭，那一缕幽雾又一次临近大地，世间的枷锁被打开了，一个全新的世界就此揭开神秘的一角……                    
https://bookcover.yuewen.com/qdbimg/349573/c_16255241805524304/90,每天被迫和大佬谈恋爱,公子衍,现代言情,连载中,177.77万,                        【本文已出版，出版名《喜欢你，没道理》】初相见，薛夕被迫对这个充满危险的男人一见钟情，不谈恋爱会死的她只能主动出击：“我有钱，也很能打。”“做我男朋友，我罩着你。”于是，大家慢慢的都知道，薛家的学神大小姐养了一个吃软饭的小白脸，但她护短的厉害，直到某天——薛夕将他护在身后，对面前几个疑似小混混的人凉凉道：“我男朋友胆小，你们有什么冲我来。”小混混们啧啧发抖的看着被保护的某大佬，传说中的黑阎王，原来喜欢这个调调？【爽文，女强，打脸，1v1】                    
https://bookcover.yuewen.com/qdbimg/349573/c_2831740700739802/90,帝凰天下,轻墨羽,古代言情,已完结,277.42万,                        佣兵之王重生成被流放在旁系的将军府五岁嫡小姐，废物之名名扬天下。强大灵魂入住完美身体，她强势归来，惩恶奴，斗恶母，归还一切屈辱。初见，她从天而降，落入他的温泉之中，四目相对，她吹了吹口哨，“身材不错。”他闻言，邪气一笑，挑眉，“你喜欢就好。”夜墨：“……！”再见，他一袭火红衣袍，张扬狂傲，睥睨众人，“我的人也敢动，都想死吗？”夜墨：“……。”她什么时候成了他的人。序言：以天下为聘，娶你为后，霸宠一世。                    
https://bookcover.yuewen.com/qdbimg/349573/c_15615963605534504/90,成亲后王爷暴富了,暗香,古代言情,已完结,249.87万,                        重生后变黑芝麻馅腹黑女主VS撩死人不偿命伪君子真恶霸男主皇帝：九王选妃要德言容功才华出众。傅元令：我有钱！皇后：九王选妃要家世显赫相得益彰。傅元令：我有钱！贵妃：九王选妃要月貌花容身姿窈窕。傅元令：我有钱！肖九岐：本王选妃……傅元令：嗯？肖九岐：要有钱！！！重活一回，傅元令深切感悟要站在权力巅峰指点江山，不再重复上辈子的凄惨遭遇，不仅要有钱，而且是要超有钱。有钱能使鬼推磨，有钱……她就能掌控别人的人生，而不是被人掌控！如果有钱的同时，还能嫁一个易掌控又颇有身份地位的丈夫，那就更完美了。                    
https://bookcover.yuewen.com/qdbimg/349573/c_12499358303709203/90,神秘枕边人：boss，借个运,公子衍,现代言情,已完结,157.56万,                        【本文1v1，宠文，爽文~】沈于归从小就特别倒霉，衰神附体。她耗尽了所有的运气，遇到了他——只要跟费南城在一起，就会时来运转，人生就像开了挂！“老婆，你怎么这么丑？还懦弱无能被欺负？来，转个运。”第二天，她从丑小鸭变身黑天鹅，从学渣变学霸，将欺负她的人，打得满地找牙！“老婆，你怎么这么穷？还做什么生意都亏本？来，转个运。”从此后，她人在家中坐，钱从天上来，数钱到手抖！看热闹的众人啧啧发抖：这哪里是转了个运，分明是换了个人。他凉飕飕的看过去：换人怎么了？吃你家大米了？                    
https://bookcover.yuewen.com/qdbimg/349573/c_15166853205335404/90,大佬失忆后只记得我,丁嘉树,现代言情,已完结,153.5万,                        【出版名，《今天也想见你》】东川航空机长兼傅氏财团唯一继承人傅南礼，车祸失忆了。只记得车祸前拼死救了她的温乔。“你是？”只有留在傅南礼身边才能活命的温乔不要脸道：“我是你老婆啊。”傅少眼神迷惑，但只记得这么一个人，她说是，那就是吧。 冷峻矜贵的男神就这么被不知道从哪里冒出来的野丫头给抢走了。全港城的名媛怒了。众名媛集资一个亿，一定要撕掉某谎话连篇狐狸精温乔的假面。却只等来两人的世纪婚礼。一亿就这么打了水漂！众名媛哭天抢地：“都说傅大公子腹黑深沉，怎么就栽在这满嘴谎话的小狐狸精身上了？”某男人目光轻漫：“不将计就计，怎么把小狐狸拐回家？“                    
https://bookcover.yuewen.com/qdbimg/349573/c_8317414904806503/90,校园女特工,末烟,玄幻言情,已完结,324.33万,                        　【已完结】她，是顶级黑客高手，意外重生竟成为普通初三学生。  赌鬼父亲，借了高利贷被追着要债？  还有家里跟着的一群极品亲戚。  重生而来的云笺扶额冷笑：想知道死字怎么写吗！  她风华归来，高调回击，人若欺我，绝杀！ 『女主云笺，男主斯绎』  PS:爽文、虐渣、打脸、女强男强，1V1绝对身心干净，不信你拿肥皂擦刷子刮刮看！顺便按按右下角收藏一下哈！【严禁转载、改写！必究！！！】                    
https://bookcover.yuewen.com/qdbimg/349573/c_3239525601635302/90,斗罗大陆III龙王传说,唐家三少,玄幻,已完结,495.1万,                        　　伴随着魂导科技的进步，斗罗大陆上的人类征服了海洋，又发现了两片大陆。魂兽也随着人类魂师的猎杀无度走向灭亡，沉睡无数年的魂兽之王在星斗大森林最后的净土苏醒，它要带领仅存的族人，向人类复仇！　　唐舞麟立志要成为一名强大的魂师，可当武魂觉醒时，苏醒的，却是……　　旷世之才，龙王之争，我们的龙王传说，将由此开始。　　                    
https://bookcover.yuewen.com/qdbimg/349573/c_8314915703615503/90,快穿系统之反派BOSS来袭,墨泠,科幻空间,已完结,345.67万,                        当终极反派BOSS成了个不按常理出牌的蛇精病，穿越重生的主角们，攻略准备好了吗？这个副本很难刷！重生主角：我不要重生，让我死！穿越主角：我不要穿越，让我回去！穿书主角：这特么是地狱模式的吗？反派都能上天了！说好的垫脚石呢？导演，我怀疑我拿了假剧本！黑化主角：老子不干了！ヽ(#`Д´)ノ明殊：下一个。#副本模式：普通、困难、地狱、明殊##宿主一言不合就自尽开屠杀#                    
https://bookcover.yuewen.com/qdbimg/349573/c_16471974304245804/90,江三爷的心尖宠,无尽相思,现代言情,已完结,108.44万,                        江家三爷克妻，与他订婚的几任未婚妻都没能幸免于难。顾湘更倒霉，连婚都没订，直接就领了证。却不想，婚后，她无病无灾，还被江家所有人宠上了天，江家所有人什么都不怕，就怕这个好不容易娶回来的媳妇跑了。……某夜，洗漱之后，江先生对着自家亲亲老婆道：“媳妇，我想当爸爸。”顾湘犹豫了片刻，看着一脸期待的江医生，勉为其难地道：“爸爸！”“……”                    
https://bookcover.yuewen.com/qdbimg/349573/c_12018247603336703/90,惊世第一妃,轻墨羽,古代言情,已完结,289.86万,                        作为现代文明中所剩不多的神，拂灵一直以为，她的余生就是与天同生，天生，她生，天亡，她换个世界继续生，然而天还没亡，她先被迫换了世界……　拂灵，一朝临世，神魂融合，成了东洲帝国人人皆知的傻子废物。  痴傻体弱，没有灵根，无法修炼，人人嫌弃？　 拂灵不以为然，淡然一笑，抬手间，控光明，掌天罚，一令惊天地！　 世人皆知，叶家三小姐冷血无情，说一不二，唯独对心尖宠频频破例。　凤·心尖宠·灼：“今天不想吃鱼，想吃别的。”　拂灵：“想吃什么尽管说，我给你做。”                    
https://bookcover.yuewen.com/qdbimg/349573/c_5455903503332103/90,幸会了萧先生,紫牡丹,现代言情,已完结,440.34万,                        据说他商界帝王！能翻手覆云只手遮天，却不近女色，她才答应结婚的。说好的工作狂，事业狂，怎么结婚后就突然话说护妻狂魔呢！                    
https://bookcover.yuewen.com/qdbimg/349573/c_16317648305115104/90,喜欢你我说了算,叶非夜,现代言情,已完结,63.94万,                        林薇：我要上清华。江宿：我就不一样了。江宿：我除了要上清华，还要……你。…誓要上清华的学霸女主VS伪学霸真桀骜的男主…我这样的人不值得你喜欢。喜欢你我说了算。…【无论过去多少年，江宿和林薇都不会忘记那一天，那是他和她见面的第一天。】                    
